"Month","Group","Treated","Dollars","id"
"202207","Existing",0,50.7,"399"
"202207","Existing",0,43.81,"349"
"202207","Existing",0,50.9,"211"
"202207","Existing",0,33.7,"343"
"202207","Existing",0,50.26,"335"
"202207","Existing",0,81.13,"288"
"202207","Existing",0,64.72,"209"
"202207","Existing",0,73.64,"308"
"202207","Existing",0,52.96,"347"
"202207","Existing",0,57.45,"204"
"202207","Existing",0,55.29,"222"
"202207","Existing",0,55.92,"282"
"202207","Existing",0,34.98,"230"
"202207","Existing",0,47.21,"366"
"202207","Existing",0,72.11,"348"
"202207","Existing",0,40.47,"325"
"202207","Existing",0,52.96,"358"
"202207","Existing",0,36.96,"261"
"202207","Existing",0,39.54,"323"
"202207","Existing",0,66.87,"232"
"202207","Existing",0,40.29,"345"
"202207","Existing",0,60.93,"208"
"202207","Existing",0,51.5,"298"
"202207","Existing",0,33.64,"363"
"202207","Existing",0,52.97,"219"
"202207","Existing",0,67.7,"346"
"202207","Existing",0,71.61,"350"
"202207","Existing",0,51.19,"304"
"202207","Existing",0,47.95,"216"
"202207","Existing",0,60.34,"337"
"202207","Existing",0,28.3,"374"
"202207","Existing",0,42.09,"266"
"202207","Existing",0,19.73,"294"
"202207","Existing",0,67.92,"364"
"202207","Existing",0,52.64,"271"
"202207","Existing",0,35.29,"324"
"202207","Existing",0,36.2,"228"
"202207","Existing",0,58.49,"201"
"202207","Existing",0,32.68,"248"
"202207","Existing",0,26.5,"396"
"202207","Existing",0,50.38,"381"
"202207","Existing",0,49.74,"239"
"202207","Existing",0,76.28,"342"
"202207","Existing",0,26.88,"339"
"202207","Existing",0,77.21,"390"
"202207","Existing",0,38.74,"290"
"202207","Existing",0,80.41,"293"
"202207","Existing",0,60.15,"302"
"202207","Existing",0,39.96,"252"
"202207","Existing",0,63.9,"344"
"202207","Existing",0,40.42,"370"
"202207","Existing",0,60.96,"369"
"202207","Existing",0,58.34,"376"
"202207","Existing",0,68.62,"292"
"202207","Existing",0,73.89,"238"
"202207","Existing",0,44.84,"314"
"202207","Existing",0,49.27,"303"
"202207","Existing",0,56.18,"226"
"202207","Existing",0,46.96,"258"
"202207","Existing",0,79.07,"354"
"202207","Existing",0,44.29,"313"
"202207","Existing",0,49.59,"221"
"202207","Existing",0,39.91,"341"
"202207","Existing",0,36.72,"397"
"202207","Existing",0,49.12,"220"
"202207","Existing",0,64.24,"386"
"202207","Existing",0,34.48,"393"
"202207","Existing",0,60.04,"242"
"202207","Existing",0,29.49,"310"
"202207","Existing",0,41.97,"318"
"202207","Existing",0,58.95,"394"
"202207","Existing",0,40.06,"254"
"202207","Existing",0,51.83,"212"
"202207","Existing",0,17.93,"289"
"202207","Existing",0,52.47,"311"
"202207","Existing",0,48.71,"391"
"202207","Existing",0,71.96,"356"
"202207","Existing",0,48.52,"256"
"202207","Existing",0,46.83,"352"
"202207","Existing",0,30.45,"329"
"202207","Existing",0,41.66,"306"
"202207","Existing",0,79.77,"260"
"202207","Existing",0,48.93,"224"
"202207","Existing",0,47.64,"276"
"202207","Existing",0,53.18,"268"
"202207","Existing",0,92.6,"384"
"202207","Existing",0,46.44,"321"
"202207","Existing",0,47.25,"378"
"202207","Existing",0,42.82,"373"
"202207","Existing",0,79.7,"251"
"202207","Existing",0,56.8,"283"
"202207","Existing",0,51.45,"279"
"202207","Existing",0,41.8,"240"
"202207","Existing",0,21.17,"237"
"202207","Existing",0,61.7,"333"
"202207","Existing",0,65.65,"225"
"202207","Existing",0,76.82,"368"
"202207","Existing",0,53.34,"284"
"202207","Existing",0,46.63,"377"
"202207","Existing",0,40.42,"395"
"202207","Existing",0,50.47,"217"
"202207","Existing",0,85.93,"332"
"202207","Existing",0,79.68,"243"
"202207","Existing",0,46.1,"229"
"202207","Existing",0,63.59,"338"
"202207","Existing",0,50.07,"296"
"202207","Existing",0,50.4,"257"
"202207","Existing",0,64.97,"281"
"202207","Existing",0,58.13,"387"
"202207","Existing",0,53.95,"264"
"202208","Existing",0,45.11,"351"
"202208","Existing",0,16.78,"388"
"202208","Existing",0,26.54,"310"
"202208","Existing",0,68.81,"285"
"202208","Existing",0,73.8,"392"
"202208","Existing",0,40.69,"289"
"202208","Existing",0,61.97,"230"
"202208","Existing",0,35.65,"317"
"202208","Existing",0,36.06,"294"
"202208","Existing",0,49.81,"353"
"202208","Existing",0,78.04,"238"
"202208","Existing",0,46.98,"343"
"202208","Existing",0,40.55,"253"
"202208","Existing",0,48.76,"389"
"202208","Existing",0,32.02,"316"
"202208","Existing",0,52.34,"360"
"202208","Existing",0,55.54,"321"
"202208","Existing",0,55.17,"279"
"202208","Existing",0,53.94,"246"
"202208","Existing",0,56.84,"370"
"202208","Existing",0,54.79,"334"
"202208","Existing",0,61.42,"344"
"202208","Existing",0,46.5,"300"
"202208","Existing",0,58.46,"268"
"202208","Existing",0,35.34,"262"
"202208","Existing",0,60.32,"275"
"202208","Existing",0,40.38,"221"
"202208","Existing",0,49.45,"303"
"202208","Existing",0,69.14,"369"
"202208","Existing",0,56.92,"337"
"202208","Existing",0,66.95,"335"
"202208","Existing",0,46.44,"390"
"202208","Existing",0,45.62,"342"
"202208","Existing",0,67.2,"222"
"202208","Existing",0,47.72,"362"
"202208","Existing",0,44.5,"368"
"202208","Existing",0,51.32,"259"
"202208","Existing",0,59.89,"383"
"202208","Existing",0,52.67,"258"
"202208","Existing",0,47.42,"252"
"202208","Existing",0,82.54,"326"
"202208","Existing",0,28.7,"338"
"202208","Existing",0,45.7,"382"
"202208","Existing",0,29.99,"307"
"202208","Existing",0,63.16,"361"
"202208","Existing",0,52.21,"250"
"202208","Existing",0,50.63,"257"
"202208","Existing",0,41.91,"233"
"202208","Existing",0,44.87,"301"
"202208","Existing",0,36.38,"372"
"202208","Existing",0,44.93,"266"
"202208","Existing",0,23.69,"255"
"202208","Existing",0,57.72,"224"
"202208","Existing",0,41.24,"292"
"202208","Existing",0,68.43,"339"
"202208","Existing",0,24.78,"239"
"202208","Existing",0,57.15,"205"
"202208","Existing",0,33.89,"276"
"202208","Existing",0,54.13,"336"
"202208","Existing",0,30.96,"304"
"202208","Existing",0,54.34,"296"
"202208","Existing",0,47.03,"204"
"202208","Existing",0,45.76,"330"
"202208","Existing",0,69.24,"243"
"202208","Existing",0,78.19,"280"
"202208","Existing",0,41.74,"314"
"202208","Existing",0,73.63,"214"
"202208","Existing",0,50.9,"313"
"202208","Existing",0,37.9,"227"
"202208","Existing",0,49.17,"284"
"202208","Existing",0,43.71,"387"
"202208","Existing",0,38.06,"324"
"202208","Existing",0,57.04,"291"
"202208","Existing",0,49,"358"
"202208","Existing",0,37.16,"323"
"202208","Existing",0,56.12,"228"
"202208","Existing",0,50.59,"234"
"202208","Existing",0,57.21,"350"
"202208","Existing",0,44.83,"264"
"202208","Existing",0,51.52,"212"
"202208","Existing",0,40.33,"269"
"202208","Existing",0,22.74,"393"
"202208","Existing",0,27.34,"203"
"202208","Existing",0,75.73,"357"
"202208","Existing",0,41.55,"311"
"202208","Existing",0,60.71,"315"
"202208","Existing",0,23.48,"384"
"202208","Existing",0,71.84,"399"
"202208","Existing",0,54.87,"375"
"202208","Existing",0,66.12,"206"
"202208","Existing",0,53.51,"341"
"202208","Existing",0,50.8,"400"
"202208","Existing",0,55.95,"299"
"202208","Existing",0,56.33,"273"
"202208","Existing",0,38.97,"318"
"202208","Existing",0,52.49,"237"
"202208","Existing",0,51.73,"272"
"202208","Existing",0,66.28,"349"
"202208","Existing",0,53.91,"270"
"202208","Existing",0,49.54,"309"
"202208","Existing",0,35.56,"218"
"202208","Existing",0,42.25,"320"
"202208","Existing",0,49.5,"263"
"202208","Existing",0,49.8,"322"
"202208","Existing",0,48.08,"235"
"202208","Existing",0,45.8,"396"
"202208","Existing",0,32.82,"306"
"202208","Existing",0,38.54,"215"
"202209","Existing",0,58.64,"307"
"202209","Existing",0,61.45,"358"
"202209","Existing",0,49.83,"270"
"202209","Existing",0,55.49,"216"
"202209","Existing",0,50.41,"390"
"202209","Existing",0,26.95,"394"
"202209","Existing",0,46.17,"278"
"202209","Existing",0,40.78,"367"
"202209","Existing",0,57.82,"314"
"202209","Existing",0,49.33,"361"
"202209","Existing",0,27.28,"225"
"202209","Existing",0,42.05,"231"
"202209","Existing",0,53.69,"343"
"202209","Existing",0,28.87,"327"
"202209","Existing",0,56.87,"392"
"202209","Existing",0,51.93,"385"
"202209","Existing",0,99,"296"
"202209","Existing",0,61.51,"292"
"202209","Existing",0,28.55,"338"
"202209","Existing",0,22.76,"283"
"202209","Existing",0,73.91,"305"
"202209","Existing",0,67.39,"356"
"202209","Existing",0,43.66,"241"
"202209","Existing",0,54.36,"299"
"202209","Existing",0,51.31,"228"
"202209","Existing",0,63.48,"223"
"202209","Existing",0,32.59,"397"
"202209","Existing",0,73.25,"218"
"202209","Existing",0,42.34,"304"
"202209","Existing",0,31.12,"253"
"202209","Existing",0,46.29,"374"
"202209","Existing",0,46.3,"355"
"202209","Existing",0,44.89,"311"
"202209","Existing",0,76.57,"328"
"202209","Existing",0,57.68,"349"
"202209","Existing",0,49.07,"291"
"202209","Existing",0,34.36,"377"
"202209","Existing",0,45.33,"245"
"202209","Existing",0,43,"313"
"202209","Existing",0,45.85,"363"
"202209","Existing",0,43.06,"262"
"202209","Existing",0,60.34,"235"
"202209","Existing",0,61.06,"284"
"202209","Existing",0,56.13,"324"
"202209","Existing",0,74.69,"287"
"202209","Existing",0,60.48,"265"
"202209","Existing",0,70.32,"353"
"202209","Existing",0,49.46,"312"
"202209","Existing",0,45.1,"350"
"202209","Existing",0,47.89,"252"
"202209","Existing",0,56.17,"339"
"202209","Existing",0,24.52,"219"
"202209","Existing",0,39.22,"322"
"202209","Existing",0,21.68,"249"
"202209","Existing",0,45.63,"264"
"202209","Existing",0,70.72,"303"
"202209","Existing",0,28.23,"221"
"202209","Existing",0,64.91,"201"
"202209","Existing",0,33.04,"400"
"202209","Existing",0,42.09,"267"
"202209","Existing",0,66.3,"378"
"202209","Existing",0,54.92,"217"
"202209","Existing",0,53.14,"256"
"202209","Existing",0,27.98,"354"
"202209","Existing",0,26.52,"224"
"202209","Existing",0,54.13,"391"
"202209","Existing",0,57.16,"326"
"202209","Existing",0,36.74,"310"
"202209","Existing",0,62.75,"259"
"202209","Existing",0,58.02,"345"
"202209","Existing",0,46.63,"369"
"202209","Existing",0,17.7,"246"
"202209","Existing",0,55.14,"302"
"202209","Existing",0,52.23,"295"
"202209","Existing",0,49.38,"258"
"202209","Existing",0,80.75,"210"
"202209","Existing",0,59.22,"380"
"202209","Existing",0,54.92,"290"
"202209","Existing",0,50.12,"381"
"202209","Existing",0,82.89,"340"
"202209","Existing",0,38.66,"334"
"202209","Existing",0,67.7,"233"
"202209","Existing",0,44.73,"229"
"202209","Existing",0,26.14,"237"
"202209","Existing",0,42.13,"251"
"202209","Existing",0,57.02,"215"
"202209","Existing",0,43.95,"396"
"202209","Existing",0,25.54,"220"
"202209","Existing",0,35.17,"325"
"202209","Existing",0,41.72,"319"
"202209","Existing",0,23.93,"333"
"202209","Existing",0,49.88,"227"
"202209","Existing",0,39.26,"268"
"202209","Existing",0,44.98,"357"
"202209","Existing",0,40.12,"239"
"202209","Existing",0,58.36,"293"
"202209","Existing",0,53.58,"329"
"202209","Existing",0,40.97,"211"
"202209","Existing",0,57.83,"243"
"202209","Existing",0,36.87,"294"
"202209","Existing",0,65.35,"332"
"202209","Existing",0,37.88,"276"
"202209","Existing",0,50.07,"379"
"202209","Existing",0,37.98,"203"
"202209","Existing",0,33.09,"384"
"202209","Existing",0,40.08,"297"
"202209","Existing",0,26.23,"318"
"202209","Existing",0,57.17,"368"
"202209","Existing",0,31.06,"273"
"202210","Existing",0,60.45,"263"
"202210","Existing",0,47.97,"212"
"202210","Existing",0,48.55,"245"
"202210","Existing",0,52.35,"242"
"202210","Existing",0,56.18,"206"
"202210","Existing",0,35.7,"257"
"202210","Existing",0,32.99,"270"
"202210","Existing",0,56.51,"224"
"202210","Existing",0,55.72,"340"
"202210","Existing",0,33.56,"215"
"202210","Existing",0,48.18,"339"
"202210","Existing",0,32.4,"317"
"202210","Existing",0,44.5,"268"
"202210","Existing",0,71.53,"204"
"202210","Existing",0,50.84,"254"
"202210","Existing",0,71.71,"235"
"202210","Existing",0,59.42,"269"
"202210","Existing",0,36.9,"211"
"202210","Existing",0,32.25,"353"
"202210","Existing",0,52.15,"298"
"202210","Existing",0,60.52,"324"
"202210","Existing",0,46.44,"358"
"202210","Existing",0,58.63,"281"
"202210","Existing",0,18.28,"295"
"202210","Existing",0,56.73,"376"
"202210","Existing",0,67.51,"266"
"202210","Existing",0,60.57,"292"
"202210","Existing",0,45.88,"399"
"202210","Existing",0,43.35,"230"
"202210","Existing",0,76.31,"381"
"202210","Existing",0,40.35,"288"
"202210","Existing",0,38.32,"232"
"202210","Existing",0,40.32,"208"
"202210","Existing",0,31.24,"304"
"202210","Existing",0,41.43,"248"
"202210","Existing",0,33.35,"203"
"202210","Existing",0,28.64,"382"
"202210","Existing",0,22.61,"395"
"202210","Existing",0,52.06,"209"
"202210","Existing",0,18.94,"333"
"202210","Existing",0,39,"279"
"202210","Existing",0,31.76,"233"
"202210","Existing",0,36.8,"388"
"202210","Existing",0,28.33,"293"
"202210","Existing",0,88.48,"246"
"202210","Existing",0,47.09,"335"
"202210","Existing",0,66.68,"253"
"202210","Existing",0,25.67,"250"
"202210","Existing",0,27.9,"327"
"202210","Existing",0,40.77,"379"
"202210","Existing",0,44.02,"375"
"202210","Existing",0,63.22,"378"
"202210","Existing",0,25.13,"218"
"202210","Existing",0,35.43,"342"
"202210","Existing",0,35.62,"312"
"202210","Existing",0,62.67,"271"
"202210","Existing",0,25.7,"290"
"202210","Existing",0,56.85,"219"
"202210","Existing",0,65.61,"365"
"202210","Existing",0,69.74,"360"
"202210","Existing",0,50.99,"370"
"202210","Existing",0,41.42,"289"
"202210","Existing",0,53.44,"236"
"202210","Existing",0,40.17,"346"
"202210","Existing",0,60.8,"357"
"202210","Existing",0,43.88,"366"
"202210","Existing",0,61.95,"299"
"202210","Existing",0,46.09,"276"
"202210","Existing",0,44.89,"362"
"202210","Existing",0,27.67,"359"
"202210","Existing",0,57.79,"237"
"202210","Existing",0,55.16,"283"
"202210","Existing",0,56.63,"258"
"202210","Existing",0,49.74,"300"
"202210","Existing",0,25.56,"273"
"202210","Existing",0,48.11,"331"
"202210","Existing",0,43.99,"344"
"202210","Existing",0,64.45,"400"
"202210","Existing",0,61.44,"201"
"202210","Existing",0,58.55,"314"
"202210","Existing",0,26.03,"274"
"202210","Existing",0,37.74,"384"
"202210","Existing",0,72.6,"216"
"202210","Existing",0,36.61,"267"
"202210","Existing",0,52.44,"371"
"202210","Existing",0,34.73,"326"
"202210","Existing",0,47.62,"313"
"202210","Existing",0,38.49,"364"
"202210","Existing",0,18.83,"390"
"202210","Existing",0,18.61,"354"
"202210","Existing",0,65.69,"330"
"202210","Existing",0,35.62,"310"
"202210","Existing",0,63.03,"205"
"202210","Existing",0,46.48,"361"
"202210","Existing",0,45.61,"229"
"202210","Existing",0,4.67,"210"
"202210","Existing",0,59.38,"247"
"202210","Existing",0,40.5,"220"
"202210","Existing",0,29.06,"393"
"202210","Existing",0,50.81,"261"
"202210","Existing",0,24.45,"328"
"202210","Existing",0,36,"320"
"202210","Existing",0,39.33,"231"
"202210","Existing",0,60.78,"386"
"202210","Existing",0,46.05,"272"
"202210","Existing",0,39.36,"259"
"202210","Existing",0,78.09,"243"
"202210","Existing",0,62.1,"387"
"202210","Existing",0,84.12,"348"
"202210","Existing",0,45.32,"287"
"202210","Existing",0,36.59,"316"
"202210","Existing",0,33.67,"262"
"202211","Existing",0,62.06,"290"
"202211","Existing",0,59.3,"268"
"202211","Existing",0,27.94,"304"
"202211","Existing",0,35.99,"342"
"202211","Existing",0,45.86,"337"
"202211","Existing",0,55.55,"262"
"202211","Existing",0,43.08,"393"
"202211","Existing",0,49.94,"349"
"202211","Existing",0,78.25,"300"
"202211","Existing",0,51.59,"251"
"202211","Existing",0,44.99,"207"
"202211","Existing",0,34.28,"319"
"202211","Existing",0,50.26,"365"
"202211","Existing",0,34.01,"386"
"202211","Existing",0,69.86,"347"
"202211","Existing",0,58.25,"355"
"202211","Existing",0,60.19,"271"
"202211","Existing",0,47.41,"231"
"202211","Existing",0,44.17,"281"
"202211","Existing",0,49.15,"368"
"202211","Existing",0,26.41,"399"
"202211","Existing",0,23.61,"272"
"202211","Existing",0,43.64,"246"
"202211","Existing",0,38.71,"362"
"202211","Existing",0,27.47,"294"
"202211","Existing",0,82.48,"278"
"202211","Existing",0,48.6,"259"
"202211","Existing",0,55.47,"224"
"202211","Existing",0,51.05,"395"
"202211","Existing",0,55.33,"299"
"202211","Existing",0,51.93,"389"
"202211","Existing",0,73.77,"359"
"202211","Existing",0,55.64,"228"
"202211","Existing",0,23.9,"285"
"202211","Existing",0,39.03,"329"
"202211","Existing",0,58.7,"363"
"202211","Existing",0,65.5,"230"
"202211","Existing",0,46.94,"296"
"202211","Existing",0,57.69,"394"
"202211","Existing",0,60.02,"250"
"202211","Existing",0,71.25,"396"
"202211","Existing",0,38.08,"241"
"202211","Existing",0,60.73,"221"
"202211","Existing",0,54.55,"276"
"202211","Existing",0,71.67,"385"
"202211","Existing",0,49.38,"372"
"202211","Existing",0,66.93,"273"
"202211","Existing",0,49.97,"208"
"202211","Existing",0,38.47,"284"
"202211","Existing",0,61.93,"240"
"202211","Existing",0,44.14,"380"
"202211","Existing",0,51.75,"341"
"202211","Existing",0,51.58,"205"
"202211","Existing",0,30.87,"333"
"202211","Existing",0,31.88,"218"
"202211","Existing",0,42.48,"400"
"202211","Existing",0,43.68,"211"
"202211","Existing",0,46.24,"352"
"202211","Existing",0,22.15,"343"
"202211","Existing",0,51.6,"384"
"202211","Existing",0,32.99,"366"
"202211","Existing",0,25.42,"222"
"202211","Existing",0,18.72,"373"
"202211","Existing",0,54.13,"274"
"202211","Existing",0,67.78,"248"
"202211","Existing",0,60.24,"279"
"202211","Existing",0,44.89,"277"
"202211","Existing",0,18.29,"264"
"202211","Existing",0,46.85,"391"
"202211","Existing",0,52.89,"291"
"202211","Existing",0,82.71,"316"
"202211","Existing",0,62.34,"326"
"202211","Existing",0,35.55,"334"
"202211","Existing",0,37.75,"348"
"202211","Existing",0,26.99,"311"
"202211","Existing",0,63.38,"236"
"202211","Existing",0,46.47,"364"
"202211","Existing",0,59.03,"254"
"202211","Existing",0,47.79,"263"
"202211","Existing",0,43.09,"335"
"202211","Existing",0,25.05,"381"
"202211","Existing",0,52.04,"351"
"202211","Existing",0,55.12,"212"
"202211","Existing",0,58.75,"257"
"202211","Existing",0,69.48,"219"
"202211","Existing",0,64.95,"340"
"202211","Existing",0,45.82,"261"
"202211","Existing",0,52.09,"204"
"202211","Existing",0,34.22,"346"
"202211","Existing",0,50.75,"245"
"202211","Existing",0,43.63,"229"
"202211","Existing",0,55.36,"242"
"202211","Existing",0,72.34,"374"
"202211","Existing",0,18.37,"332"
"202211","Existing",0,16.73,"206"
"202211","Existing",0,46.48,"313"
"202211","Existing",0,42.46,"377"
"202211","Existing",0,33.82,"302"
"202211","Existing",0,58.76,"318"
"202211","Existing",0,56.3,"331"
"202211","Existing",0,39.98,"315"
"202211","Existing",0,46.73,"388"
"202211","Existing",0,56.12,"282"
"202211","Existing",0,69.69,"226"
"202211","Existing",0,45.84,"293"
"202211","Existing",0,41.78,"213"
"202211","Existing",0,71.21,"214"
"202211","Existing",0,49.46,"307"
"202211","Existing",0,79.14,"320"
"202212","Existing",0,35.5,"242"
"202212","Existing",0,49.59,"220"
"202212","Existing",0,58.97,"240"
"202212","Existing",0,40.78,"338"
"202212","Existing",0,55.3,"331"
"202212","Existing",0,39.32,"274"
"202212","Existing",0,43.76,"371"
"202212","Existing",0,68,"358"
"202212","Existing",0,61.12,"372"
"202212","Existing",0,48.37,"218"
"202212","Existing",0,76.12,"333"
"202212","Existing",0,52.92,"206"
"202212","Existing",0,53.64,"375"
"202212","Existing",0,63.43,"339"
"202212","Existing",0,36.3,"221"
"202212","Existing",0,48.41,"347"
"202212","Existing",0,29.34,"286"
"202212","Existing",0,69.04,"389"
"202212","Existing",0,40.48,"258"
"202212","Existing",0,59.66,"202"
"202212","Existing",0,54.75,"305"
"202212","Existing",0,52.58,"281"
"202212","Existing",0,54.67,"318"
"202212","Existing",0,61.09,"332"
"202212","Existing",0,43.95,"238"
"202212","Existing",0,36.38,"227"
"202212","Existing",0,75.72,"327"
"202212","Existing",0,53.91,"322"
"202212","Existing",0,69.17,"288"
"202212","Existing",0,60.04,"201"
"202212","Existing",0,46.23,"383"
"202212","Existing",0,61.61,"345"
"202212","Existing",0,72.23,"241"
"202212","Existing",0,42.4,"207"
"202212","Existing",0,66.37,"324"
"202212","Existing",0,51.33,"376"
"202212","Existing",0,14.06,"386"
"202212","Existing",0,82.69,"284"
"202212","Existing",0,70.48,"390"
"202212","Existing",0,17.43,"263"
"202212","Existing",0,44.16,"298"
"202212","Existing",0,25.66,"385"
"202212","Existing",0,73.22,"326"
"202212","Existing",0,15.28,"346"
"202212","Existing",0,67.97,"259"
"202212","Existing",0,70.64,"282"
"202212","Existing",0,51.15,"307"
"202212","Existing",0,64.03,"391"
"202212","Existing",0,46.54,"340"
"202212","Existing",0,61.18,"328"
"202212","Existing",0,87.16,"378"
"202212","Existing",0,42.74,"374"
"202212","Existing",0,67.82,"320"
"202212","Existing",0,76.9,"312"
"202212","Existing",0,61.83,"394"
"202212","Existing",0,58.15,"251"
"202212","Existing",0,52.18,"291"
"202212","Existing",0,42.41,"252"
"202212","Existing",0,65.72,"357"
"202212","Existing",0,46.76,"265"
"202212","Existing",0,59.03,"204"
"202212","Existing",0,78.21,"343"
"202212","Existing",0,50.48,"225"
"202212","Existing",0,28.63,"209"
"202212","Existing",0,50.74,"350"
"202212","Existing",0,41.77,"269"
"202212","Existing",0,33.36,"341"
"202212","Existing",0,43.54,"309"
"202212","Existing",0,49.45,"397"
"202212","Existing",0,69.26,"213"
"202212","Existing",0,63.01,"323"
"202212","Existing",0,57.47,"317"
"202212","Existing",0,61.09,"219"
"202212","Existing",0,46.95,"319"
"202212","Existing",0,38.88,"325"
"202212","Existing",0,34.85,"316"
"202212","Existing",0,49.42,"361"
"202212","Existing",0,51.19,"353"
"202212","Existing",0,28.96,"277"
"202212","Existing",0,24.37,"235"
"202212","Existing",0,70.28,"262"
"202212","Existing",0,75.5,"279"
"202212","Existing",0,47.97,"311"
"202212","Existing",0,59.85,"270"
"202212","Existing",0,45.61,"368"
"202212","Existing",0,30.64,"293"
"202212","Existing",0,48.06,"294"
"202212","Existing",0,58.17,"366"
"202212","Existing",0,46.54,"349"
"202212","Existing",0,35.97,"398"
"202212","Existing",0,55.23,"231"
"202212","Existing",0,55.74,"315"
"202212","Existing",0,90.82,"303"
"202212","Existing",0,33.62,"399"
"202212","Existing",0,48.33,"365"
"202212","Existing",0,66.77,"292"
"202212","Existing",0,44.19,"369"
"202212","Existing",0,70.47,"271"
"202212","Existing",0,41.43,"352"
"202212","Existing",0,48.19,"388"
"202212","Existing",0,23.84,"370"
"202212","Existing",0,15.33,"243"
"202212","Existing",0,50.56,"215"
"202212","Existing",0,34.64,"214"
"202212","Existing",0,43.76,"244"
"202212","Existing",0,53.05,"250"
"202212","Existing",0,28.36,"321"
"202212","Existing",0,48.82,"310"
"202212","Existing",0,48.31,"330"
"202212","Existing",0,23.1,"354"
"202212","Existing",0,64.62,"249"
"202212","Existing",0,48.7,"377"
"202212","Existing",0,51.33,"272"
"202212","Existing",0,74.46,"379"
"202212","Existing",0,30.83,"393"
"202212","Existing",0,47.56,"363"
"202212","Existing",0,49.49,"230"
"202212","Existing",0,46.84,"208"
"202212","Existing",0,39.91,"395"
"202212","Existing",0,58.99,"228"
"202301","Existing",0,45.76,"350"
"202301","Existing",0,45.19,"270"
"202301","Existing",0,63.67,"363"
"202301","Existing",0,50.99,"301"
"202301","Existing",0,48.07,"245"
"202301","Existing",0,63.65,"390"
"202301","Existing",0,36.71,"377"
"202301","Existing",0,64.12,"361"
"202301","Existing",0,60.41,"331"
"202301","Existing",0,73.05,"326"
"202301","Existing",0,58.86,"319"
"202301","Existing",0,48.73,"215"
"202301","Existing",0,51.65,"325"
"202301","Existing",0,68.68,"217"
"202301","Existing",0,50.72,"383"
"202301","Existing",0,57.49,"345"
"202301","Existing",0,31.41,"232"
"202301","Existing",0,45.62,"352"
"202301","Existing",0,72.59,"262"
"202301","Existing",0,84.4,"218"
"202301","Existing",0,56.79,"389"
"202301","Existing",0,34.46,"364"
"202301","Existing",0,54.13,"280"
"202301","Existing",0,38.74,"276"
"202301","Existing",0,43.62,"385"
"202301","Existing",0,33.35,"295"
"202301","Existing",0,28.63,"338"
"202301","Existing",0,48.15,"222"
"202301","Existing",0,48.54,"306"
"202301","Existing",0,35.39,"238"
"202301","Existing",0,52.72,"317"
"202301","Existing",0,15.47,"316"
"202301","Existing",0,60.47,"293"
"202301","Existing",0,59.93,"225"
"202301","Existing",0,45.75,"356"
"202301","Existing",0,39.18,"263"
"202301","Existing",0,50.54,"368"
"202301","Existing",0,64.22,"271"
"202301","Existing",0,28.99,"348"
"202301","Existing",0,52.84,"207"
"202301","Existing",0,53.49,"360"
"202301","Existing",0,66.78,"210"
"202301","Existing",0,45.96,"335"
"202301","Existing",0,38.48,"208"
"202301","Existing",0,59.85,"260"
"202301","Existing",0,41.41,"282"
"202301","Existing",0,46.35,"359"
"202301","Existing",0,52.07,"347"
"202301","Existing",0,27.12,"369"
"202301","Existing",0,69.13,"241"
"202301","Existing",0,47.12,"224"
"202301","Existing",0,43.78,"231"
"202301","Existing",0,17.89,"351"
"202301","Existing",0,28.61,"201"
"202301","Existing",0,56.36,"373"
"202301","Existing",0,36.67,"387"
"202301","Existing",0,56.88,"258"
"202301","Existing",0,38.24,"300"
"202301","Existing",0,38.05,"297"
"202301","Existing",0,79.9,"219"
"202301","Existing",0,45.91,"244"
"202301","Existing",0,34.15,"315"
"202301","Existing",0,64.4,"247"
"202301","Existing",0,77.35,"235"
"202301","Existing",0,52.12,"233"
"202301","Existing",0,35.98,"342"
"202301","Existing",0,48.1,"206"
"202301","Existing",0,60.46,"211"
"202301","Existing",0,29.85,"313"
"202301","Existing",0,46.82,"334"
"202301","Existing",0,72.13,"240"
"202301","Existing",0,29.9,"381"
"202301","Existing",0,43.69,"311"
"202301","Existing",0,79.09,"302"
"202301","Existing",0,27.89,"205"
"202301","Existing",0,56.97,"307"
"202301","Existing",0,47.37,"226"
"202301","Existing",0,52.77,"273"
"202301","Existing",0,41.7,"209"
"202301","Existing",0,56.97,"305"
"202301","Existing",0,58.42,"380"
"202301","Existing",0,35.4,"318"
"202301","Existing",0,57.13,"246"
"202301","Existing",0,93.31,"303"
"202301","Existing",0,20.81,"261"
"202301","Existing",0,54.08,"333"
"202301","Existing",0,35.8,"252"
"202301","Existing",0,76.89,"237"
"202301","Existing",0,47.7,"228"
"202301","Existing",0,45.04,"204"
"202301","Existing",0,72.37,"349"
"202301","Existing",0,46.25,"296"
"202301","Existing",0,39.5,"357"
"202301","Existing",0,37.69,"230"
"202301","Existing",0,37.62,"382"
"202301","Existing",0,58.97,"255"
"202301","Existing",0,16.64,"223"
"202301","Existing",0,50.3,"309"
"202301","Existing",0,77.66,"234"
"202301","Existing",0,26.55,"386"
"202301","Existing",0,45.63,"336"
"202301","Existing",0,36.43,"343"
"202301","Existing",0,46.72,"290"
"202301","Existing",0,42.45,"378"
"202301","Existing",0,48.02,"242"
"202301","Existing",0,42.15,"283"
"202301","Existing",0,25.96,"243"
"202301","Existing",0,36.35,"332"
"202301","Existing",0,62.37,"221"
"202301","Existing",0,57.9,"272"
"202301","Existing",0,48.75,"229"
"202301","Existing",0,64.96,"362"
"202301","Existing",0,46.78,"267"
"202301","Existing",0,73.42,"287"
"202301","Existing",0,75.84,"330"
"202301","Existing",0,34.32,"227"
"202301","Existing",0,39.72,"395"
"202301","Existing",0,64.33,"279"
"202301","Existing",0,36.41,"327"
"202301","Existing",0,48.89,"394"
"202301","Existing",0,48.07,"341"
"202301","Existing",0,38.08,"285"
"202301","Existing",0,76.26,"213"
"202207","New",0,37.47,"118"
"202207","New",0,45.58,"138"
"202207","New",0,62.32,"130"
"202207","New",0,55.12,"77"
"202207","New",0,52.83,"93"
"202207","New",0,66.51,"44"
"202207","New",0,64.95,"41"
"202207","New",0,60.34,"137"
"202207","New",0,44.77,"183"
"202207","New",0,34.31,"99"
"202207","New",0,75.33,"121"
"202207","New",0,15.72,"45"
"202207","New",0,29.45,"50"
"202207","New",0,67.58,"134"
"202207","New",0,45.03,"90"
"202207","New",0,46.79,"65"
"202207","New",0,47.11,"190"
"202207","New",0,25.44,"69"
"202207","New",0,89.92,"92"
"202207","New",0,21.43,"36"
"202207","New",0,62.98,"68"
"202207","New",0,22.16,"27"
"202207","New",0,80.92,"140"
"202207","New",0,49.63,"88"
"202207","New",0,85.28,"86"
"202207","New",0,46.63,"126"
"202207","New",0,23.2,"150"
"202207","New",0,32.64,"160"
"202207","New",0,35.39,"61"
"202207","New",0,50.04,"131"
"202207","New",0,28.5,"10"
"202207","New",0,35.17,"135"
"202207","New",0,13.81,"16"
"202207","New",0,34.06,"169"
"202207","New",0,64.88,"79"
"202207","New",0,66.84,"35"
"202207","New",0,62.26,"13"
"202207","New",0,70.66,"106"
"202207","New",0,24.1,"66"
"202207","New",0,56.76,"19"
"202207","New",0,43.41,"180"
"202207","New",0,49.06,"108"
"202207","New",0,37,"20"
"202207","New",0,51.59,"25"
"202207","New",0,44.49,"102"
"202207","New",0,46.81,"174"
"202207","New",0,17.15,"52"
"202207","New",0,35.58,"8"
"202207","New",0,63.05,"17"
"202207","New",0,21.27,"28"
"202207","New",0,58.44,"113"
"202207","New",0,47.23,"67"
"202207","New",0,52.73,"29"
"202207","New",0,60.04,"56"
"202207","New",0,67.5,"83"
"202207","New",0,33.3,"173"
"202207","New",0,36.28,"175"
"202207","New",0,43.91,"116"
"202207","New",0,51.09,"46"
"202207","New",0,39.06,"163"
"202207","New",0,45.96,"117"
"202207","New",0,64.26,"191"
"202207","New",0,45.73,"197"
"202207","New",0,46.41,"123"
"202207","New",0,31.82,"75"
"202207","New",0,54.72,"84"
"202207","New",0,75.88,"91"
"202207","New",0,63.37,"85"
"202207","New",0,25.68,"12"
"202207","New",0,31.92,"55"
"202207","New",0,28.32,"129"
"202207","New",0,58.99,"107"
"202207","New",0,69.61,"109"
"202207","New",0,65.37,"3"
"202207","New",0,16.71,"136"
"202207","New",0,69.61,"53"
"202207","New",0,54.56,"170"
"202207","New",0,23.13,"199"
"202207","New",0,49.77,"139"
"202207","New",0,57.01,"177"
"202207","New",0,43.04,"98"
"202207","New",0,46.89,"155"
"202207","New",0,40.27,"38"
"202207","New",0,43.56,"164"
"202207","New",0,55.13,"63"
"202207","New",0,49.31,"6"
"202207","New",0,17.42,"81"
"202207","New",0,26.41,"101"
"202207","New",0,80.23,"185"
"202207","New",0,57.25,"167"
"202207","New",0,63.33,"143"
"202207","New",0,35.71,"166"
"202207","New",0,14.45,"39"
"202207","New",0,58.74,"21"
"202207","New",0,32.7,"184"
"202208","New",0,37.69,"198"
"202208","New",0,67.28,"199"
"202208","New",0,52.37,"145"
"202208","New",0,58.65,"180"
"202208","New",0,46.78,"164"
"202208","New",0,61.12,"2"
"202208","New",0,64.76,"177"
"202208","New",0,52.43,"139"
"202208","New",0,42.48,"32"
"202208","New",0,41.87,"143"
"202208","New",0,46.16,"174"
"202208","New",0,54.05,"36"
"202208","New",0,41.15,"34"
"202208","New",0,34.63,"52"
"202208","New",0,21.95,"157"
"202208","New",0,28.59,"23"
"202208","New",0,34.93,"117"
"202208","New",0,63.87,"12"
"202208","New",0,37.8,"26"
"202208","New",0,63.73,"72"
"202208","New",0,40.46,"165"
"202208","New",0,40.62,"136"
"202208","New",0,35.96,"124"
"202208","New",0,59.03,"82"
"202208","New",0,45.68,"18"
"202208","New",0,57.45,"152"
"202208","New",0,63.18,"59"
"202208","New",0,48.37,"5"
"202208","New",0,72.79,"110"
"202208","New",0,31.16,"70"
"202208","New",0,61.75,"21"
"202208","New",0,34.41,"76"
"202208","New",0,60.31,"35"
"202208","New",0,52.53,"28"
"202208","New",0,64.42,"190"
"202208","New",0,30.91,"93"
"202208","New",0,55.98,"134"
"202208","New",0,44.9,"138"
"202208","New",0,44.12,"1"
"202208","New",0,37.77,"161"
"202208","New",0,36.79,"189"
"202208","New",0,56.33,"183"
"202208","New",0,27.36,"149"
"202208","New",0,70.5,"151"
"202208","New",0,28.92,"122"
"202208","New",0,75.67,"41"
"202208","New",0,38.39,"65"
"202208","New",0,30.42,"111"
"202208","New",0,46.37,"77"
"202208","New",0,82.78,"10"
"202208","New",0,45.93,"6"
"202208","New",0,61.41,"44"
"202208","New",0,45.63,"37"
"202208","New",0,48.91,"196"
"202208","New",0,72.13,"29"
"202208","New",0,42.45,"16"
"202208","New",0,43.6,"9"
"202208","New",0,68.98,"146"
"202208","New",0,22.42,"79"
"202208","New",0,52.94,"60"
"202208","New",0,27.57,"167"
"202208","New",0,39.54,"105"
"202208","New",0,30.62,"89"
"202208","New",0,66.72,"57"
"202208","New",0,39.78,"83"
"202208","New",0,48.73,"140"
"202208","New",0,38.42,"119"
"202208","New",0,47,"75"
"202208","New",0,30.44,"55"
"202208","New",0,68.29,"170"
"202208","New",0,48.63,"116"
"202208","New",0,75.22,"153"
"202208","New",0,26.66,"185"
"202208","New",0,36.4,"49"
"202208","New",0,48.22,"175"
"202208","New",0,54.38,"107"
"202208","New",0,45.37,"148"
"202208","New",0,42.31,"103"
"202208","New",0,50.17,"17"
"202208","New",0,41.44,"118"
"202208","New",0,32.93,"11"
"202208","New",0,53.8,"84"
"202208","New",0,36.05,"131"
"202208","New",0,61.11,"99"
"202208","New",0,38.4,"63"
"202208","New",0,51.33,"188"
"202208","New",0,11.47,"162"
"202208","New",0,42.81,"147"
"202208","New",0,74.72,"172"
"202208","New",0,42.71,"130"
"202208","New",0,37.37,"14"
"202208","New",0,80.13,"71"
"202208","New",0,60.42,"123"
"202208","New",0,41.24,"51"
"202208","New",0,66.52,"24"
"202208","New",0,66.38,"159"
"202208","New",0,56.53,"73"
"202208","New",0,23.1,"40"
"202208","New",0,47.04,"106"
"202208","New",0,29.79,"20"
"202208","New",0,27.6,"80"
"202208","New",0,41.87,"181"
"202208","New",0,61.81,"182"
"202209","New",0,68.57,"45"
"202209","New",0,43.35,"167"
"202209","New",0,60.75,"16"
"202209","New",0,42.49,"153"
"202209","New",0,33.29,"8"
"202209","New",0,39.02,"155"
"202209","New",0,47.53,"79"
"202209","New",0,27.28,"171"
"202209","New",0,39.41,"110"
"202209","New",0,53.35,"114"
"202209","New",0,56.11,"192"
"202209","New",0,36.69,"83"
"202209","New",0,61.48,"73"
"202209","New",0,72,"51"
"202209","New",0,45.96,"108"
"202209","New",0,70.47,"33"
"202209","New",0,64.2,"182"
"202209","New",0,35.55,"146"
"202209","New",0,48.97,"113"
"202209","New",0,76.45,"143"
"202209","New",0,34.97,"157"
"202209","New",0,22.71,"41"
"202209","New",0,61.83,"39"
"202209","New",0,53.08,"165"
"202209","New",0,35.13,"25"
"202209","New",0,69.78,"138"
"202209","New",0,35.09,"13"
"202209","New",0,42.99,"121"
"202209","New",0,39.84,"64"
"202209","New",0,43.46,"22"
"202209","New",0,66.52,"23"
"202209","New",0,79.46,"125"
"202209","New",0,61.71,"9"
"202209","New",0,22.93,"34"
"202209","New",0,40.16,"185"
"202209","New",0,49.79,"178"
"202209","New",0,44.21,"97"
"202209","New",0,67.23,"200"
"202209","New",0,33.83,"148"
"202209","New",0,25.04,"88"
"202209","New",0,46.29,"196"
"202209","New",0,38.21,"48"
"202209","New",0,60.37,"117"
"202209","New",0,29.15,"164"
"202209","New",0,30.37,"134"
"202209","New",0,15.18,"169"
"202209","New",0,30.83,"11"
"202209","New",0,60.34,"20"
"202209","New",0,72.35,"28"
"202209","New",0,42.13,"56"
"202209","New",0,32.02,"65"
"202209","New",0,63.35,"100"
"202209","New",0,54.38,"24"
"202209","New",0,68.98,"68"
"202209","New",0,43.39,"42"
"202209","New",0,46.47,"163"
"202209","New",0,54.98,"115"
"202209","New",0,46.27,"126"
"202209","New",0,36.42,"119"
"202209","New",0,18.58,"105"
"202209","New",0,51.38,"154"
"202209","New",0,48.61,"21"
"202209","New",0,1.2,"156"
"202209","New",0,62.8,"183"
"202209","New",0,21.98,"180"
"202209","New",0,70.11,"86"
"202209","New",0,9.45,"47"
"202209","New",0,54.21,"194"
"202209","New",0,42.46,"70"
"202209","New",0,66.73,"144"
"202209","New",0,66.23,"129"
"202209","New",0,60.79,"44"
"202209","New",0,64.82,"38"
"202209","New",0,64.75,"145"
"202209","New",0,44.59,"140"
"202209","New",0,72.23,"177"
"202209","New",0,32.06,"133"
"202209","New",0,49.8,"55"
"202209","New",0,41.09,"179"
"202209","New",0,61.24,"53"
"202209","New",0,73.98,"151"
"202209","New",0,64.18,"111"
"202209","New",0,62.69,"137"
"202209","New",0,67.48,"147"
"202209","New",0,28.91,"173"
"202209","New",0,41.45,"150"
"202209","New",0,49.16,"195"
"202209","New",0,40.85,"120"
"202209","New",0,59.16,"58"
"202209","New",0,56.91,"181"
"202209","New",0,65.89,"74"
"202209","New",0,82.61,"112"
"202209","New",0,58.89,"176"
"202209","New",0,59.57,"63"
"202209","New",0,65.45,"132"
"202209","New",0,53.37,"106"
"202209","New",0,46.18,"104"
"202209","New",0,52.72,"81"
"202210","New",0.5,63.03,"75"
"202210","New",0.5,42.9,"35"
"202210","New",0.5,34.76,"148"
"202210","New",0.5,33.79,"124"
"202210","New",0.5,58.25,"160"
"202210","New",0.5,8.17,"64"
"202210","New",0.5,36.3,"107"
"202210","New",0.5,26.78,"199"
"202210","New",0.5,31.79,"152"
"202210","New",0.5,61.03,"16"
"202210","New",0.5,75.09,"110"
"202210","New",0.5,31.85,"163"
"202210","New",0.5,48.47,"151"
"202210","New",0.5,46.4,"40"
"202210","New",0.5,59.35,"43"
"202210","New",0.5,58.72,"101"
"202210","New",0.5,47.8,"172"
"202210","New",0.5,64,"96"
"202210","New",0.5,61.16,"123"
"202210","New",0.5,51.73,"74"
"202210","New",0.5,23.74,"92"
"202210","New",0.5,51.45,"141"
"202210","New",0.5,30.05,"42"
"202210","New",0.5,61.82,"111"
"202210","New",0.5,50.37,"66"
"202210","New",0.5,28.65,"130"
"202210","New",0.5,36.87,"190"
"202210","New",0.5,47.65,"178"
"202210","New",0.5,67.29,"161"
"202210","New",0.5,36.06,"97"
"202210","New",0.5,66.67,"137"
"202210","New",0.5,24.64,"168"
"202210","New",0.5,69,"165"
"202210","New",0.5,56.66,"191"
"202210","New",0.5,55.03,"17"
"202210","New",0.5,30.42,"61"
"202210","New",0.5,52.54,"125"
"202210","New",0.5,30.45,"13"
"202210","New",0.5,54.94,"195"
"202210","New",0.5,58.56,"146"
"202210","New",0.5,47.46,"82"
"202210","New",0.5,37.41,"60"
"202210","New",0.5,39.65,"26"
"202210","New",0.5,38.27,"65"
"202210","New",0.5,79.48,"20"
"202210","New",0.5,65.11,"194"
"202210","New",0.5,57.52,"18"
"202210","New",0.5,60.86,"184"
"202210","New",0.5,75.01,"78"
"202210","New",0.5,41.92,"23"
"202210","New",0.5,69.4,"94"
"202210","New",0.5,63.45,"3"
"202210","New",0.5,51.9,"83"
"202210","New",0.5,53.65,"200"
"202210","New",0.5,42.6,"4"
"202210","New",0.5,60.43,"128"
"202210","New",0.5,33.21,"147"
"202210","New",0.5,32.86,"58"
"202210","New",0.5,68.43,"162"
"202210","New",0.5,58.64,"6"
"202210","New",0.5,56.01,"15"
"202210","New",0.5,71.22,"72"
"202210","New",0.5,53.02,"167"
"202210","New",0.5,45.05,"44"
"202210","New",0.5,47.24,"28"
"202210","New",0.5,58.8,"131"
"202210","New",0.5,63.72,"174"
"202210","New",0.5,70.7,"57"
"202210","New",0.5,68.58,"50"
"202210","New",0.5,47.99,"105"
"202210","New",0.5,54.49,"159"
"202210","New",0.5,69.18,"2"
"202210","New",0.5,58.13,"133"
"202210","New",0.5,71.78,"93"
"202210","New",0.5,31.85,"67"
"202210","New",0.5,46.77,"153"
"202210","New",0.5,65.33,"177"
"202210","New",0.5,41.73,"45"
"202210","New",0.5,59.84,"37"
"202210","New",0.5,33.82,"189"
"202210","New",0.5,36,"144"
"202210","New",0.5,41.68,"21"
"202210","New",0.5,33.25,"52"
"202210","New",0.5,73.4,"139"
"202210","New",0.5,34.03,"24"
"202210","New",0.5,36.86,"86"
"202210","New",0.5,70.99,"114"
"202210","New",0.5,40.89,"118"
"202210","New",0.5,46.76,"73"
"202210","New",0.5,41.76,"31"
"202210","New",0.5,66.37,"136"
"202210","New",0.5,35.95,"154"
"202210","New",0.5,19.6,"115"
"202210","New",0.5,40.28,"198"
"202210","New",0.5,50.45,"121"
"202211","New",1,35.79,"160"
"202211","New",1,46.83,"7"
"202211","New",1,60.13,"195"
"202211","New",1,48.77,"150"
"202211","New",1,49.89,"71"
"202211","New",1,36.21,"77"
"202211","New",1,48.81,"141"
"202211","New",1,52.44,"128"
"202211","New",1,43.22,"178"
"202211","New",1,36.2,"46"
"202211","New",1,45.67,"176"
"202211","New",1,30.15,"109"
"202211","New",1,39.11,"161"
"202211","New",1,65.71,"190"
"202211","New",1,61.41,"113"
"202211","New",1,81.11,"135"
"202211","New",1,57.65,"74"
"202211","New",1,64.12,"61"
"202211","New",1,82.57,"73"
"202211","New",1,62.23,"194"
"202211","New",1,59.89,"146"
"202211","New",1,55.05,"145"
"202211","New",1,43.38,"110"
"202211","New",1,37.34,"120"
"202211","New",1,49.15,"9"
"202211","New",1,57.61,"67"
"202211","New",1,60.45,"40"
"202211","New",1,47.88,"92"
"202211","New",1,83.03,"98"
"202211","New",1,76.31,"69"
"202211","New",1,48.16,"56"
"202211","New",1,42.76,"36"
"202211","New",1,36.31,"3"
"202211","New",1,55.82,"107"
"202211","New",1,44.01,"59"
"202211","New",1,67.95,"33"
"202211","New",1,35.51,"14"
"202211","New",1,80.29,"193"
"202211","New",1,55.65,"156"
"202211","New",1,39.23,"76"
"202211","New",1,36.22,"168"
"202211","New",1,49.58,"94"
"202211","New",1,38.62,"167"
"202211","New",1,54.12,"47"
"202211","New",1,59.96,"12"
"202211","New",1,64.45,"162"
"202211","New",1,56.27,"189"
"202211","New",1,49.23,"89"
"202211","New",1,32.04,"26"
"202211","New",1,72.53,"11"
"202211","New",1,58.06,"198"
"202211","New",1,58.4,"186"
"202211","New",1,26,"157"
"202211","New",1,46.37,"172"
"202211","New",1,72.57,"173"
"202211","New",1,55.49,"66"
"202211","New",1,89.93,"163"
"202211","New",1,57.86,"118"
"202211","New",1,42.67,"2"
"202211","New",1,33.55,"105"
"202211","New",1,42.01,"87"
"202211","New",1,37.11,"21"
"202211","New",1,76.02,"99"
"202211","New",1,47.07,"114"
"202211","New",1,72.93,"63"
"202211","New",1,64.79,"182"
"202211","New",1,50.92,"8"
"202211","New",1,68.57,"84"
"202211","New",1,50.46,"199"
"202211","New",1,40.97,"197"
"202211","New",1,69.64,"185"
"202211","New",1,50.9,"112"
"202211","New",1,47.82,"48"
"202211","New",1,30.15,"200"
"202211","New",1,49.69,"175"
"202211","New",1,26.42,"124"
"202211","New",1,71.33,"43"
"202211","New",1,52.59,"58"
"202211","New",1,64.61,"130"
"202211","New",1,38.83,"152"
"202211","New",1,65.21,"143"
"202211","New",1,44.88,"108"
"202211","New",1,44.56,"19"
"202211","New",1,66.77,"171"
"202211","New",1,63.72,"44"
"202211","New",1,46.18,"179"
"202211","New",1,56.39,"169"
"202211","New",1,57.96,"42"
"202211","New",1,55.73,"164"
"202211","New",1,38.76,"102"
"202211","New",1,45,"6"
"202211","New",1,12.89,"41"
"202211","New",1,35.9,"34"
"202211","New",1,80.46,"72"
"202211","New",1,43.56,"137"
"202211","New",1,69.38,"97"
"202211","New",1,53.74,"125"
"202211","New",1,52.25,"28"
"202211","New",1,43.43,"1"
"202211","New",1,42.22,"38"
"202211","New",1,51.42,"85"
"202211","New",1,42.71,"20"
"202211","New",1,66.3,"81"
"202211","New",1,38.76,"192"
"202211","New",1,37.65,"184"
"202212","New",1,52.64,"151"
"202212","New",1,67.73,"146"
"202212","New",1,72.29,"97"
"202212","New",1,49.5,"193"
"202212","New",1,50.09,"137"
"202212","New",1,64.41,"83"
"202212","New",1,77.5,"174"
"202212","New",1,40.34,"19"
"202212","New",1,47.16,"143"
"202212","New",1,49.63,"5"
"202212","New",1,75.49,"75"
"202212","New",1,48.41,"170"
"202212","New",1,66.69,"175"
"202212","New",1,52.22,"194"
"202212","New",1,12.43,"56"
"202212","New",1,26,"88"
"202212","New",1,75.62,"24"
"202212","New",1,64.4,"144"
"202212","New",1,53.07,"7"
"202212","New",1,65.18,"129"
"202212","New",1,47.41,"50"
"202212","New",1,46.87,"138"
"202212","New",1,42.15,"130"
"202212","New",1,65.06,"115"
"202212","New",1,45.16,"180"
"202212","New",1,29.26,"178"
"202212","New",1,40.33,"183"
"202212","New",1,74.02,"102"
"202212","New",1,62.61,"142"
"202212","New",1,53.82,"52"
"202212","New",1,91.26,"169"
"202212","New",1,60.28,"184"
"202212","New",1,43.18,"9"
"202212","New",1,73.85,"172"
"202212","New",1,55.28,"200"
"202212","New",1,64.06,"90"
"202212","New",1,72.45,"192"
"202212","New",1,38.53,"171"
"202212","New",1,62.87,"122"
"202212","New",1,33.55,"153"
"202212","New",1,27.79,"161"
"202212","New",1,60.99,"182"
"202212","New",1,45.45,"79"
"202212","New",1,77.99,"28"
"202212","New",1,40.39,"23"
"202212","New",1,51.34,"86"
"202212","New",1,57.96,"195"
"202212","New",1,45.15,"85"
"202212","New",1,66.36,"126"
"202212","New",1,50.02,"66"
"202212","New",1,36.96,"131"
"202212","New",1,66.43,"89"
"202212","New",1,82.59,"109"
"202212","New",1,53.18,"1"
"202212","New",1,61.58,"148"
"202212","New",1,82.61,"51"
"202212","New",1,40.89,"15"
"202212","New",1,53.01,"67"
"202212","New",1,67.91,"132"
"202212","New",1,63.11,"139"
"202212","New",1,71.26,"141"
"202212","New",1,52.03,"93"
"202212","New",1,49.91,"54"
"202212","New",1,24.64,"140"
"202212","New",1,61.73,"84"
"202212","New",1,74.06,"4"
"202212","New",1,70.38,"154"
"202212","New",1,81.5,"71"
"202212","New",1,58.21,"70"
"202212","New",1,42.28,"181"
"202212","New",1,64.75,"40"
"202212","New",1,60.79,"124"
"202212","New",1,82.05,"104"
"202212","New",1,65.23,"43"
"202212","New",1,40.84,"198"
"202212","New",1,27.21,"112"
"202212","New",1,35.8,"58"
"202212","New",1,66.07,"147"
"202212","New",1,62.3,"2"
"202212","New",1,66.95,"99"
"202212","New",1,70.66,"3"
"202212","New",1,57.44,"57"
"202212","New",1,66.37,"177"
"202212","New",1,49.49,"163"
"202212","New",1,58.14,"72"
"202212","New",1,37.22,"98"
"202212","New",1,31.38,"96"
"202212","New",1,49.63,"12"
"202212","New",1,41.73,"165"
"202212","New",1,34.08,"62"
"202212","New",1,42.12,"191"
"202212","New",1,34.11,"123"
"202212","New",1,56.86,"108"
"202212","New",1,62.67,"46"
"202212","New",1,51.46,"6"
"202212","New",1,45.77,"32"
"202212","New",1,46.62,"158"
"202212","New",1,77.38,"69"
"202212","New",1,66.89,"134"
"202212","New",1,55.07,"45"
"202212","New",1,43.75,"17"
"202212","New",1,47.04,"11"
"202212","New",1,60.66,"73"
"202212","New",1,54.58,"167"
"202212","New",1,45.75,"53"
"202212","New",1,58.88,"60"
"202212","New",1,52.34,"59"
"202212","New",1,86.19,"150"
"202212","New",1,57.37,"107"
"202212","New",1,70.28,"173"
"202301","New",1,55.22,"162"
"202301","New",1,69.38,"25"
"202301","New",1,60.45,"83"
"202301","New",1,58.27,"146"
"202301","New",1,59.35,"143"
"202301","New",1,39.26,"173"
"202301","New",1,67.12,"44"
"202301","New",1,35.79,"135"
"202301","New",1,74.2,"1"
"202301","New",1,57.91,"165"
"202301","New",1,43.52,"8"
"202301","New",1,50.46,"7"
"202301","New",1,43.7,"86"
"202301","New",1,52.74,"73"
"202301","New",1,47.35,"58"
"202301","New",1,73.19,"200"
"202301","New",1,62.38,"60"
"202301","New",1,26.38,"195"
"202301","New",1,49.07,"155"
"202301","New",1,41.24,"2"
"202301","New",1,61.18,"21"
"202301","New",1,55.17,"148"
"202301","New",1,40.37,"172"
"202301","New",1,46.98,"118"
"202301","New",1,34.92,"54"
"202301","New",1,89.14,"24"
"202301","New",1,69.13,"106"
"202301","New",1,38.33,"117"
"202301","New",1,52.16,"11"
"202301","New",1,50.53,"119"
"202301","New",1,49.06,"77"
"202301","New",1,41.67,"23"
"202301","New",1,64.07,"167"
"202301","New",1,58.3,"188"
"202301","New",1,8.26,"15"
"202301","New",1,48.15,"89"
"202301","New",1,71.7,"98"
"202301","New",1,28.83,"9"
"202301","New",1,21.79,"150"
"202301","New",1,68.73,"63"
"202301","New",1,50.54,"116"
"202301","New",1,65.76,"46"
"202301","New",1,52,"74"
"202301","New",1,37.51,"34"
"202301","New",1,23.52,"180"
"202301","New",1,58.91,"123"
"202301","New",1,56.87,"107"
"202301","New",1,47.53,"102"
"202301","New",1,60.33,"194"
"202301","New",1,52.59,"82"
"202301","New",1,51.45,"55"
"202301","New",1,51.47,"170"
"202301","New",1,24.28,"42"
"202301","New",1,37.44,"136"
"202301","New",1,80.11,"61"
"202301","New",1,53.2,"19"
"202301","New",1,34.23,"105"
"202301","New",1,29.67,"53"
"202301","New",1,25.36,"122"
"202301","New",1,48.96,"79"
"202301","New",1,61.71,"29"
"202301","New",1,50.02,"138"
"202301","New",1,29.41,"176"
"202301","New",1,77.57,"22"
"202301","New",1,60.05,"111"
"202301","New",1,57.54,"158"
"202301","New",1,24.63,"80"
"202301","New",1,73.79,"70"
"202301","New",1,54.39,"76"
"202301","New",1,28.15,"184"
"202301","New",1,55.78,"192"
"202301","New",1,74.04,"166"
"202301","New",1,64.75,"57"
"202301","New",1,56.77,"38"
"202301","New",1,56.79,"93"
"202301","New",1,59.72,"153"
"202301","New",1,41.88,"85"
"202301","New",1,22.73,"142"
"202301","New",1,53.87,"95"
"202301","New",1,58.87,"101"
"202301","New",1,29.94,"198"
"202301","New",1,39.93,"157"
"202301","New",1,71.73,"103"
"202301","New",1,39.18,"65"
"202301","New",1,34.69,"43"
"202301","New",1,57.69,"91"
"202301","New",1,58.77,"48"
"202301","New",1,19.24,"56"
"202301","New",1,21.59,"71"
"202301","New",1,63.11,"185"
"202301","New",1,39.61,"104"
"202301","New",1,64.06,"174"
"202301","New",1,33.38,"30"
"202301","New",1,46.92,"69"
"202301","New",1,45.86,"18"
"202301","New",1,26.72,"114"
"202301","New",1,43.8,"39"
"202301","New",1,43.23,"145"
"202301","New",1,70.89,"182"
"202301","New",1,59.21,"159"
"202301","New",1,50.63,"28"
"202301","New",1,44.44,"67"
"202301","New",1,58.35,"16"
